"Name","StudentTotal","InternationalStudentTotal","FacultyTotal","Tuition","Street","City","State","Locale","longitude","latitude"
"University of Alaska Fairbanks","15579","428","1972","28128.0","Signers' Hall","Fairbanks","Alaska","suburb","-147.8211757","64.8562245"
"Alabama A & M University","6388","105","795","23016.0","4900 Meridian Street","Normal","Alabama","city","-86.5720616","34.7927879"
"Alabama State University","6517","41","768","23904.0","915 S Jackson Street","Montgomery","Alabama","city","-86.2956923","32.3650918"
"Auburn University Main Campus","26840","1111","3531","36926.0","Auburn- Alabama","Auburn University","Alabama","city","-85.4951663","32.5933574"
"Faulkner University","3961","76","306","27830.0","5345 Atlanta Hwy","Montgomery","Alabama","city","-86.218042","32.38258"
"Samford University","5190","76","921","36895.0","800 Lakeshore Drive","Birmingham","Alabama","suburb","-86.7919957","33.465659"
"The University of Alabama","33681","1279","3651","37239.0","739 University Blvd","Tuscaloosa","Alabama","city","-87.54608069999999","33.2095267"
"Troy University","36806","860","1737","22502.0","University Avenue","Troy","Alabama","rural","-85.9517144","31.7972059"
"Tuskegee University","2985","88","883","31805.0","Kresge Center- 3rd Floor","Tuskegee","Alabama","town","-85.7072853","32.430678"
"University of Alabama in Huntsville","8976","446","942","33021.0","301 Sparkman Dr","Huntsville","Alabama","city","-86.6397853","34.7251407"
"University of South Alabama","17544","904","2217","23340.0","307 N University Blvd","Mobile","Alabama","city","-88.1752139","30.6954258"
"Arkansas State University-Main Campus","17591","810","1485","23917.0","2105 E. Aggie Road","State University","Arkansas","city","-90.67485889999999","35.8430861"
"Harding University","7740","314","821","24740.0","915 E. Market Ave.","Searcy","Arkansas","town","-91.7263201","35.2491804"
"University of Arkansas at Little Rock","16723","574","1463","30033.0","2801 S University Ave","Little Rock","Arkansas","city","-92.3415717","34.7216432"
"University of Arkansas at Pine Bluff","3811","0","540","22589.0","1200 N University Mail Slot 4789","Pine Bluff","Arkansas","city","-92.0213392","34.2468716"
"University of Arkansas Main Campus","26744","0","1384","33219.0","Administration Bldg 425","Fayetteville","Arkansas","city","-94.1769533","36.0699572"
"University of Central Arkansas","13293","793","1581","23606.0","201 Donaghey Ave","Conway","Arkansas","town","-92.454256","35.079147"
"Grand Canyon University","65509","74","564","32100.0","3300 W Camelback Rd","Phoenix","Arizona","city","-112.1298877","33.5131895"
"Northern Arizona University","28561","862","2592","35230.0","Center for International Education","Flagstaff","Arizona","city","-111.6561879","35.1938686"
"Prescott College","1526","28","227","38249.0","220 Grove Ave","Prescott","Arizona","city","-112.4766192","34.5448304"
"Azusa Pacific University","11474","372","1161","42848.0","901 E Alosta","Azusa","California","suburb","-117.8890242","34.1291939"
"Biola University","6758","305","729","43650.0","13800 Biola Ave","La Mirada","California","suburb","-118.0179863","33.9057332"
"California Institute of Integral Studies","1603","105","171","43650.0","1453 Mission Street","San Francisco","California","city","-122.4164229","37.7746792"
"California Institute of Technology","2274","579","2173","54090.0","1200 E California Blvd","Pasadena","California","city","-118.1248773","34.1342922"
"California Lutheran University","4812","379","492","48782.0","60 W Olsen Rd","Thousand Oaks","California","city","-118.8772454","34.2244935"
"California State University-East Bay","15357","1547","930","34932.0","25800 Carlos Bee Blvd","Hayward","California","city","-122.0573327","37.6562927"
"California State University-Fresno","22285","725","1893","32229.0","5241 N Maple Ave","Fresno","California","city","-119.7462226","36.8108284"
"California State University-Fullerton","39521","1872","2640","33380.0","800 N State College Blvd","Fullerton","California","city","-117.8851143","33.8823994"
"California State University-Long Beach","37602","1982","2892","34168.0","1250 Bellflower Blvd","Long Beach","California","city","-118.1156716","33.782702"
"California State University-Northridge","37832","2654","2550","36040.0","18111 Nordhoff St","Northridge","California","city","-118.5262038","34.2398529"
"California State University-Sacramento","30362","680","2103","34587.0","6000 J St","Sacramento","California","city","-121.4265319","38.5669071"
"California State University-San Bernardino","19065","927","1302","32223.0","5500 University Pky","San Bernardino","California","city","-117.3219638","34.1832519"
"California State University-Stanislaus","9411","155","843","31220.0","One University Circle","Turlock","California","suburb","-120.8553968","37.5257217"
"Chapman University","7706","309","1176","56341.0","One University Dr.","Orange","California","city","-117.8524431","33.7933116"
"Claremont Graduate University","2503","383","285","56341.0","150 E Tenth St","Claremont","California","suburb","-117.7143271","34.1030004"
"John F Kennedy University","1799","6","108","18600.0","100 Ellinwood Way","Pleasant Hill","California","suburb","-122.0543582","37.9571415"
"La Sierra University","2824","546","282","41968.0","4500 Riverwalk Parkway","Riverside","California","city","-117.5001118","33.9107229"
"Loyola Marymount University","9752","346","1602","55299.0","One Lmu Drive","Los Angeles","California","city","-118.4184969","33.9698183"
"Mills College","1676","31","300","54000.0","5000 MacArthur Blvd","Oakland","California","city","-122.1842278","37.7773714"
"Mount St Mary's University ","3175","22","297","47270.0","12001 Chalon Rd","Los Angeles","California","city","-118.4815446","34.0839639"
"Pepperdine University","8201","468","1158","55296.0","24255 Pacific Coast Hwy","Malibu","California","rural","-118.7056781","34.0390661"
"Saint Marys College of California","4357","76","588","54742.0","1928 Saint Marys Road","Moraga","California","suburb","-122.1101353","37.8413472"
"San Diego State University","34999","1969","2550","34916.0","5500 Campanile Dr","San Diego","California","city","-117.0716109","32.7727266"
"San Francisco State University","32633","2480","2385","34860.0","1600 Holloway Ave","San Francisco","California","city","-122.4769623","37.7211776"
"Santa Clara University","10184","1101","1449","55797.0","500 El Camino Real","Santa Clara","California","city","-121.9406449","37.3499438"
"Stanford University","22026","5896","8321","57755.0","355 Galvez Street","Stanford","California","suburb","-122.164466","37.4294886"
"University of California-Berkeley","39175","4012","7760","55510.0","103 Sproul Hall","Berkeley","California","city","-122.2587865","37.869565"
"University of California-Davis","33786","1725","9095","54077.0","One Shields Avenue","Davis","California","suburb","-121.7462685","38.5409093"
"University of California-Irvine","29200","1712","6013","52303.0","None","Irvine","California","rural","-117.8442962","33.6404952"
"University of California-Los Angeles","40863","3850","11571","54434.0","405 Hilgard Ave","Los Angeles","California","city","-118.439277","34.0725988"
"University of California-Merced","4547","124","755","54816.0","5200 North Lake Road","Merced","California","rural","-120.4311096","37.3637343"
"University of California-Riverside","22067","1015","2802","53213.0","900 University Ave","Riverside","California","city","-117.3279084","33.9747337"
"University of California-San Diego","31089","2321","8737","52384.0","9500 Gilman Dr","La Jolla","California","city","-117.2371192","32.8799547"
"University of California-San Francisco","3080","127","8130","52384.0","500 Parnassus Ave","San Francisco","California","city","-122.4585776","37.7640712"
"University of California-Santa Barbara","24078","883","3575","54569.0","None","Santa Barbara","California","suburb","-119.848947","34.4139629"
"University of California-Santa Cruz","18412","293","2280","55893.0","1156 High St","Santa Cruz","California","city","-122.0543109","36.9776276"
"University of La Verne","10304","673","633","46842.0","1950 Third St","La Verne","California","suburb","-117.7732346","34.1008542"
"University of Redlands","5964","28","606","53292.0","1200 E. Colton Ave","Redlands","California","city","-117.1642824","34.0622845"
"University of San Diego","9106","471","1206","55086.0","5998 Alcala Park","San Diego","California","city","-117.1888956","32.7720928"
"University of San Francisco","11313","1274","1218","54774.0","2130 Fulton St","San Francisco","California","city","-122.4506519","37.7765484"
"University of Southern California","40515","7467","9963","57876.0","University Park","Los Angeles","California","city","-118.2789735","34.0309703"
"University of the Pacific","7310","338","1347","52730.0","3601 Pacific Ave","Stockton","California","city","-121.3124185","37.9800547"
"Whittier College","2514","62","415","52546.0","13406 E Philadelphia Street","Whittier","California","suburb","-118.0322857","33.9787488"
"Regis University","14706","140","804","45283.0","3333 Regis Blvd","Denver","Colorado","city","-105.0323727","39.7875977"
"University of Colorado at Boulder","36946","1658","7361","48414.0","Regent Drive at Broadway","Boulder","Colorado","city","-105.2677661","40.0034113"
"University of Colorado at Colorado Springs","12729","142","1056","33462.0","1420 Austin Bluffs Parkway","Colorado Springs","Colorado","city","-104.8060771","38.8958038"
"University of Colorado Denver","31972","1433","12440","34950.0","1201 Larimer St","Denver","Colorado","city","-105.0023241","39.7466611"
"University of Denver","13879","1141","1968","52751.0","2199 S. University Blvd","Denver","Colorado","city","-104.9614844","39.6766368"
"University of Northern Colorado","15503","92","1476","31185.0","Carter Hall - Rm 4000","Greeley","Colorado","city","-104.6961077","40.4055236"
"Albertus Magnus College","2514","8","108","43648.0","700 Prospect St","New Haven","Connecticut","city","-72.9225714","41.3315693"
"Central Connecticut State University","15391","311","1320","32475.0","1615 Stanley St","New Britain","Connecticut","suburb","-72.76384929999999","41.6931908"
"Fairfield University","5802","127","774","55590.0","1073 N Benson Rd","Fairfield","Connecticut","suburb","-73.254164","41.16116"
"Holy Apostles College and Seminary","479","44","51","10165.0","33 Prospect Hill Rd","Cromwell","Connecticut","suburb","-72.6466104","41.6069319"
"Quinnipiac University","9116","136","1047","51780.0","Mt Carmel Ave","Hamden","Connecticut","suburb","-72.8789073","41.42400689999999"
"Sacred Heart University","7662","147","699","50500.0","5151 Park Ave","Fairfield","Connecticut","suburb","-73.24099310000001","41.2222395"
"Saint Joseph College","2879","5","330","44630.0","1678 Asylum Avenue","West Hartford","Connecticut","city","-72.72846550000001","41.780976"
"Southern Connecticut State University","14217","94","1311","30937.0","501 Crescent Street","New Haven","Connecticut","city","-72.9452743","41.3318336"
"University of Bridgeport","6201","1675","372","45573.0","126 Park Avenue","Bridgeport","Connecticut","city","-73.1901534","41.1646751"
"University of Connecticut","27648","1818","5541","42116.0","None","Storrs","Connecticut","town","-72.2539805","41.8077414"
"University of Hartford","8695","442","1050","45164.0","200 Bloomfield Ave","West Hartford","Connecticut","city","-72.7140108","41.7986018"
"Wesleyan University","3514","284","1017","58371.0","237 High St","Middletown","Connecticut","city","-72.6561627","41.5563557"
"Western Connecticut State University","7872","16","675","32576.0","181 White Street","Danbury","Connecticut","city","-73.446533","41.400054"
"Yale University","12893","2649","11592","58250.0","None","New Haven","Connecticut","city","-72.92234309999999","41.3163244"
"American University","13618","1308","2196","53653.0","4400 Massachusetts Ave NW","Washington","District of Columbia","city","-77.0890599","38.9379737"
"Catholic University of America","7536","469","1182","53184.0","620 Michigan Avenue- NE","Washington","District of Columbia","city","-77.0003067","38.9369141"
"Gallaudet University","1727","113","549","27974.0","800 Florida Ave- NE","Washington","District of Columbia","city","-76.9937325","38.9073649"
"George Washington University","29887","2806","3522","57148.0","2121 I Street- NW","Washington","District of Columbia","city","-77.0476606","38.9009637"
"Georgetown University","20320","2491","4259","58125.0","37th and O St NW","Washington","District of Columbia","city","-77.071613","38.9076729"
"Howard University","11115","544","3063","39237.0","2400 Sixth St NW","Washington","District of Columbia","city","-77.0215956","38.9231329"
"Delaware State University","4099","88","633","30238.0","1200 N. Dupont Highway","Dover","Delaware","city","-75.5465562","39.1929816"
"University of Delaware","23239","1831","3393","39958.0","1","Newark","Delaware","suburb","-75.6572657","39.6795343"
"Barry University","11200","526","1110","41640.0","11300 NE 2nd Ave","Miami","Florida","suburb","-80.19404589999999","25.8773953"
"Florida Agricultural and Mechanical University","14702","110","1691","30160.0","1500 S Martin Luther King Jr Blvd","Tallahassee","Florida","city","-84.285619","30.4286389"
"Florida Atlantic University","36164","840","2550","31322.0","777 Glades Rd","Boca Raton","Florida","city","-80.1019381","26.3737529"
"Florida Gulf Coast University","12958","196","1182","36016.0","10501 FGCU Blvd","South Fort Myers","Florida","rural","-81.776038","26.463569"
"Florida International University","56288","3845","2989","34819.0","11200 S. W. 8 Street","Miami","Florida","suburb","-80.3798661","25.7569643"
"Florida State University","45876","1692","4950","35498.0","211 Westcott Bldg","Tallahassee","Florida","city","-84.2984889","30.4418778"
"Jacksonville University","4085","0","335","46544.0","2800 University Blvd N","Jacksonville","Florida","city","-81.606326","30.3507909"
"Nova Southeastern University","39245","1148","2683","38694.0","3301 College Ave","Fort Lauderdale","Florida","suburb","-80.24012800000001","26.0788141"
"Stetson University","4086","145","699","48972.0","421 N Woodland Blvd","DeLand","Florida","suburb","-81.3032905","29.0366133"
"The University of West Florida","14670","315","918","28560.0","11000 University Parkway","Pensacola","Florida","city","-87.21858619999999","30.5491387"
"University of Central Florida","66273","1659","4218","34638.0","4000 Central Florida Blvd","Orlando","Florida","suburb","-81.2033083","28.5968774"
"University of Florida","58082","5074","12855","41534.0","355 Tigert Hall","Gainesville","Florida","city","-82.33997579999999","29.6494247"
"University of Miami","17797","2176","9495","56512.0","Masters of Arts: International Administration","Coral Gables","Florida","suburb","-80.2764424","25.7202106"
"University of North Florida","18950","389","1518","32445.0","1 UNF Drive","Jacksonville","Florida","city","-81.5104313","30.2706682"
"Clark Atlanta University","4301","58","559","33862.0","223 James P Brawley Drive, S.W.","Atlanta","Georgia","city","-84.4130399","33.7482561"
"Columbus State University","10321","119","813","30848.0","4225 University Ave","Columbus","Georgia","city","-84.9414487","32.5023087"
"Emory University","14751","1948","9228","55992.0","408 Administration Building- 201 Dowman Drive","Atlanta","Georgia","suburb","-84.32399889999999","33.7925195"
"Georgia Southern University","23026","371","2358","31110.0","Hwy 301 South","Statesboro","Georgia","town","-81.7834295","32.4488063"
"Georgia State University","37712","1617","3423","42408.0","33 gilmer st","Atlanta","Georgia","city","-84.38590719999999","33.7534327"
"Kennesaw State University","28407","636","2205","32466.0","1000 Chastain Rd","Kennesaw","Georgia","suburb","-84.5839132","34.0317143"
"Mercer University","9530","263","1530","45807.0","1400 Coleman Avenue","Macon","Georgia","city","-83.6514826","32.8293929"
"University of Georgia","38822","1423","7029","39030.0","None","Athens","Georgia","city","-83.3773221","33.9480053"
"University of North Georgia ","6914","77","744","26466.0","82 College Circle","Dahlonega","Georgia","town","-83.9857476","34.5302747"
"University of West Georgia","13314","178","1344","27592.0","1601 Maple St","Carrollton","Georgia","town","-85.0993024","33.5729694"
"Valdosta State University","15095","219","1467","29774.0","1500 N Patterson","Valdosta","Georgia","city","-83.28921419999999","30.8491152"
"University of Hawaii at Hilo","4788","248","672","31113.0","200 W Kawili St","Hilo","Hawaii","town","-155.0792938","19.7012996"
"University of Hawaii at Manoa","23854","1814","4560","47208.0","2500 Campus Road","Honolulu","Hawaii","city","-157.8208122","21.2979324"
"Drake University","15179","422","853","41252.0","2507 University Avenue","Des Moines","Iowa","city","-93.6530562","41.6051173"
"Iowa State University","34434","3708","5713","34013.0","100 Enrollment Services Center","Ames","Iowa","city","-93.6491422","42.0250727"
"Saint Ambrose University","3954","28","633","37255.0","518 W Locust St","Davenport","Iowa","city","-90.5799802","41.539169"
"University of Dubuque","2257","71","261","32050.0","2000 University Ave","Dubuque","Iowa","city","-90.6921934","42.4977869"
"University of Iowa","33952","3414","7007","38454.0","101 Jessup Hall","Iowa City","Iowa","city","-91.5364924","41.661897"
"University of Northern Iowa","11928","572","1830","29737.0","1227W 27th St","Cedar Falls","Iowa","city","-92.45956810000001","42.514711"
"Boise State University","29520","442","1866","29592.0","1910 University Dr","Boise","Idaho","city","-116.2067524","43.6049685"
"Idaho State University","18620","522","1797","30646.0","921 S 8th Ave","Pocatello","Idaho","city","-112.4329533","42.8619559"
"University of Idaho","15087","585","2239","31620.0","875 Perimeter Drive","Moscow","Idaho","rural","-117.0239019","46.7274712"
"Aurora University","8004","2","354","31476.0","347 S Gladstone Ave","Aurora","Illinois","suburb","-88.3476948","41.7549208"
"Benedictine University","10152","72","429","34564.0","5700 College Rd","Lisle","Illinois","suburb","-88.09489789999999","41.77886280000001"
"Bradley University","6206","303","1044","38230.0","1501 W Bradley Ave","Peoria","Illinois","city","-89.61528779999999","40.69774719999999"
"Chicago State University","8981","7","891","30184.0","9501 S. King Drive","Chicago","Illinois","city","-87.6133634","41.7211175"
"Concordia University - River Forest, Illinois","6513","20","423","36306.0","7400 Augusta","River Forest","Illinois","suburb","-87.8095357","41.8997104"
"DePaul University","29862","1151","2868","45618.0","55 E Jackson","Chicago","Illinois","city","-87.6254637","41.8780086"
"Dominican University","4408","80","468","37170.0","7900 W Division St","River Forest","Illinois","suburb","-87.822057","41.902411"
"Governors State University","7440","131","645","37170.0","1 University Pky","University Park","Illinois","rural","-87.7135595","41.4493472"
"Illinois State University","23785","481","2646","31776.0","North and School Streets","Normal","Illinois","city","-88.98994479999999","40.5237956"
"Lewis University","7740","97","621","36645.0","One University Parkway","Romeoville","Illinois","suburb","-88.0804639","41.6048148"
"Loyola University Chicago","18190","565","2358","47664.0","820 N. Michigan","Chicago","Illinois","city","-87.6249946","41.897329"
"National-Louis University","9773","24","624","20245.0","122 S Michigan Ave","Chicago","Illinois","city","-87.62469500000002","41.8800946"
"North Park University","3777","138","366","31970.0","3225 W Foster Ave","Chicago","Illinois","city","-87.7104042","41.9748277"
"Northern Illinois University","27287","945","2717","36418.0","1425 W. Lincoln Hwy.","Dekalb","Illinois","suburb","-88.77985369999999","41.9339755"
"Northwestern University","23634","3056","6873","58829.0","633 Clark St","Evanston","Illinois","city","-87.679727","42.0506258"
"Olivet Nazarene University","6448","21","387","37690.0","One University Avenue","Bourbonnais","Illinois","suburb","-87.8723694","41.1549071"
"Roosevelt University - Pathway Program","8224","398","726","43200.0","430 S Michigan Ave","Chicago","Illinois","city","-87.62485509999999","41.87599580000001"
"Southern Illinois University Carbondale","22814","1462","4053","35158.0","1","Carbondale","Illinois","rural","-89.22238689999999","37.7421379"
"Southern Illinois University Edwardsville","16484","434","1878","31608.0","Il State Rte 157","Edwardsville","Illinois","suburb","-89.953223","38.8117442"
"Trinity International University - Deerfield, Illinois","3633","224","234","37090.0","2065 Half Day Rd","Deerfield","Illinois","suburb","-87.8809462","42.1978847"
"University of Chicago","17645","3191","8633","59950.0","5801 S Ellis Ave","Chicago","Illinois","city","-87.60093239999999","41.7895762"
"University of Illinois at Chicago","31221","2172","5766","40268.0","601 S Morgan","Chicago","Illinois","city","-87.6509962","41.8737629"
"University of Illinois at Springfield","6269","279","603","28671.0","One University Plaza","Springfield","Illinois","city","-89.61765400000002","39.7290207"
"University of Illinois at Urbana-Champaign","47146","8175","6444","41770.0","601 E John Street","Champaign","Illinois","city","-88.23003729999999","40.1088318"
"Western Illinois University","14649","466","1998","27244.0","1 University Circle","Macomb","Illinois","town","-90.6844012","40.4761742"
"Wheaton College","3354","105","600","39996.0","501 College Ave","Wheaton","Illinois","suburb","-88.09960579999999","41.868737"
"Anderson University - Anderson, Indiana","3047","70","405","36870.0","1100 E 5th St","Anderson","Indiana","city","-85.6656014","40.1100894"
"Ball State University","25777","809","2874","34740.0","2000 University Ave","Muncie","Indiana","city","-85.4089236","40.1971281"
"Butler University","4983","137","1008","45748.0","4600 Sunset Ave","Indianapolis","Indiana","city","-86.1705927","39.84008559999999"
"Grace College and Theological Seminary","2055","100","135","31960.0","200 Seminary Dr","Winona Lake","Indiana","town","-85.81591159999999","41.2258777"
"Huntington University","1300","48","183","35995.0","2303 College Ave","Huntington","Indiana","town","-85.499843","40.8990026"
"Indiana State University","15240","630","1437","29062.0","210 N 7th St","Terre Haute","Indiana","city","-87.40740319999999","39.4683597"
"Indiana University-Bloomington","47743","5670","7239","42065.0","107 South Indiana Ave.","Bloomington","Indiana","city","-86.5265478","39.16609"
"Indiana University-Purdue University-Indianapolis","38249","1726","7983","41942.0","425 University Blvd","Indianapolis","Indiana","city","-86.1752156","39.7737388"
"Indiana Wesleyan University","24215","22","750","32276.0","4201 S Washington St","Marion","Indiana","town","-85.6668454","40.5207334"
"Purdue University-Main Campus","44644","7580","6870","40916.0","Hovde Hall of Administration","West Lafayette","Indiana","suburb","-86.9143951","40.4282112"
"University of Evansville","3109","178","531","42200.0","1800 Lincoln Avenue","Evansville","Indiana","city","-87.53167719999999","37.973321"
"University of Indianapolis","6412","503","654","35892.0","1400 E Hanna Ave","Indianapolis","Indiana","city","-86.1364602","39.709623"
"University of Notre Dame","12910","1044","3039","55257.0","University of Notre Dame","Notre Dame","Indiana","rural","-86.2353388","41.7055716"
"University of Southern Indiana","13542","248","1050","26377.0","8600 University Blvd","Evansville","Indiana","suburb","-87.6761982","37.9614351"
"Valparaiso University","4495","379","780","42636.0","US Highway 30 and Sturdy Road","Valparaiso","Indiana","suburb","-87.0366641","41.460028"
"Arkansas State University-Main Campus","17591","810","1485","23917.0","2105 E. Aggie Road","State University","Arkansas","city","-90.67485889999999","35.8430861"
"Baker University","5029","9","201","36348.0","618 Eighth Street","Baldwin City","Kansas","town","-95.1884616","38.7756745"
"Emporia State University","7771","677","762","26562.0","1200 Commercial","Emporia","Kansas","town","-96.18008979999999","38.4138338"
"Harding University","7740","314","821","24740.0","915 E. Market Ave.","Searcy","Arkansas","town","-91.7263201","35.2491804"
"Kansas State University","26649","2076","3825","30726.0","Anderson Hall","Manhattan","Kansas","town","-96.5810747","39.18862439999999"
"University of Arkansas at Little Rock","16723","574","1463","30033.0","2801 S University Ave","Little Rock","Arkansas","city","-92.3415717","34.7216432"
"University of Arkansas at Pine Bluff","3811","0","540","22589.0","1200 N University Mail Slot 4789","Pine Bluff","Arkansas","city","-92.0213392","34.2468716"
"University of Arkansas Main Campus","26744","0","1384","33219.0","Administration Bldg 425","Fayetteville","Arkansas","city","-94.1769533","36.0699572"
"University of Central Arkansas","13293","793","1581","23606.0","201 Donaghey Ave","Conway","Arkansas","town","-92.454256","35.079147"
"Washburn University","8593","201","795","24572.0","1700 SW College Avenue","Topeka","Kansas","city","-95.701567","39.03334"
"Wichita State University","18656","1609","1589","24201.0","1845 Fairmount","Wichita","Kansas","city","-97.28623999999999","37.7214864"
"Bellarmine University","3889","61","450","48846.0","2001 Newburg Rd","Louisville","Kentucky","city","-85.702846","38.2161003"
"Eastern Kentucky University","19299","231","2040","29916.0","521 Lancaster Ave","Richmond","Kentucky","town","-84.3040133","37.738212"
"Northern Kentucky University","18347","231","1641","25284.0","Nunn Drive","Highland Heights","Kentucky","suburb","-84.45931329999999","39.0333753"
"Pikeville College","1452","12","246","30550.0","147 Sycamore St","Pikeville","Kentucky","town","-82.5206131","37.4811243"
"Spalding University","2596","24","267","32764.0","845 S. Third Street","Louisville","Kentucky","city","-85.7569401","38.2424168"
"University of Kentucky","29633","1312","6675","31780.0","410 Administration Drive","Lexington","Kentucky","city","-84.5048995","38.0389102"
"University of Louisville","24366","791","4943","34446.0","2301 S 3rd St","Louisville","Kentucky","city","-85.76014339999999","38.2150536"
"Western Kentucky University","25273","810","2313","29936.0","1906 College Heights Blvd","Bowling Green","Kentucky","city","-86.45613759999999","36.9853546"
"Grambling State University","5071","240","194","24814.0","403 Main Street","Grambling","Louisiana","rural","-92.71450469999999","32.5221156"
"Louisiana State University and Agricultural & Mechanical College","32013","1847","5454","32422.0","101 Hatcher Hall","Baton Rouge","Louisiana","rural","-91.1820853","30.4122959"
"Louisiana Tech University","13866","718","1224","23515.0","305 Wisteria","Ruston","Louisiana","town","-92.64820530000001","32.52688"
"Loyola University New Orleans","5545","148","975","46802.0","6363 Saint Charles Ave","New Orleans","Louisiana","city","-90.12088179999999","29.93477949999999"
"Southeastern Louisiana University","18497","264","1527","25385.0","548 Western Ave.","Hammond","Louisiana","town","-90.46753609999999","30.514"
"Southern University and A & M College","8557","0","1142","23418.0","Southern Branch Post Office","Baton Rouge","Louisiana","city","-91.0969537","30.3754438"
"Tulane University","14037","1174","3406","56484.0","6823 Saint Charles Ave","New Orleans","Louisiana","city","-90.122739","29.9354099"
"University of Louisiana at Lafayette","18914","736","1752","22896.0","104 University Circle","Lafayette","Louisiana","city","-92.01909169999999","30.21532029999999"
"University of Louisiana Monroe","10548","233","1032","23329.0","700 University Avenue","Monroe","Louisiana","city","-92.074836","32.525521"
"University of New Orleans","13832","847","1122","29288.0","2000 Lakeshore Drive","New Orleans","Louisiana","city","-90.0678313","30.0269839"
"Xavier University of Louisiana","3725","97","720","28339.0","One Drexel Drive","New Orleans","Louisiana","city","-90.107084","29.963863"
"American International College","4309","96","216","41866.0","1000 State Street","Springfield","Massachusetts","city","-72.5573236","42.1129218"
"Boston College","16674","1183","2652","56728.0","140 Commonwealth Ave","Chestnut Hill","Massachusetts","city","-71.1668761","42.3400645"
"Boston University","40968","6522","9070","56842.0","One Silber Way","Boston","Massachusetts","city","-71.0999554","42.3497046"
"Brandeis University","6271","1130","1119","56416.0","415 South St","Waltham","Massachusetts","city","-71.2548772","42.365025"
"Clark University","3869","773","656","46200.0","950 Main St","Worcester","Massachusetts","city","-71.82340169999999","42.25154990000001"
"Harvard University","34342","6141","10065","56000.0","Massachusetts Hall","Cambridge","Massachusetts","city","-71.11818339999999","42.3748446"
"Lesley University","8566","124","447","47085.0","29 Everett St","Cambridge","Massachusetts","city","-71.117232","42.380162"
"Massachusetts Institute of Technology","11271","3042","11292","55270.0","77 Massachusetts Avenue","Cambridge","Massachusetts","city","-71.0931389","42.3592444"
"Northeastern University","36462","6327","3309","53812.0","360 Huntington Ave","Boston","Massachusetts","city","-71.0881734","42.339348"
"Regis College","2274","17","216","47650.0","235 Wellesley St","Weston","Massachusetts","suburb","-71.308245","42.3514614"
"Simmons College","5721","125","657","50022.0","300 The Fenway","Boston","Massachusetts","city","-71.1000654","42.3390832"
"Smith College","3269","254","891","55993.0","Elm St","Northampton","Massachusetts","suburb","-72.6467734","42.3234534"
"Springfield College","3425","18","549","45400.0","263 Alden St","Springfield","Massachusetts","city","-72.55662149999999","42.1021856"
"Tufts University","11451","1098","2550","56600.0","1","Medford","Massachusetts","suburb","-71.0813311","42.4043229"
"University of Massachusetts Amherst","31417","1797","4335","37497.0","None","Amherst","Massachusetts","town","-72.5267121","42.3911569"
"University of Massachusetts-Boston","20210","804","1641","25727.0","100 Morrissey Blvd","Boston","Massachusetts","city","-71.0403304","42.3143222"
"University of Massachusetts-Dartmouth","10663","289","1140","35012.0","285 Old Westport Rd","North Dartmouth","Massachusetts","suburb","-71.0059875","41.6241366"
"University of Massachusetts-Lowell","18354","535","1498","37020.0","1 University Ave","Lowell","Massachusetts","suburb","-71.3250036","42.6539217"
"Western New England University","4138","30","615","45571.0","1215 Wilbraham Rd","Springfield","Massachusetts","city","-72.522712","42.11338569999999"
"Worcester Polytechnic Institute","5724","827","929","54164.0","100 Institute Road","Worcester","Massachusetts","city","-71.8066738","42.2745984"
"Bowie State University","6220","108","678","30063.0","14000 Jericho Park Rd","Bowie","Maryland","suburb","-76.7612748","39.0167504"
"Johns Hopkins University","25376","3535","11955","57442.0","3400 N Charles St- Mason Hall","Baltimore","Maryland","city","-76.62155039999999","39.3259098"
"Loyola College in Maryland","6748","126","1002","54700.0","4501 N Charles St","Baltimore","Maryland","city","-76.62138","39.3461942"
"Morgan State University","8761","436","1476","29829.0","1700 East Cold Spring Lane","Baltimore","Maryland","city","-76.58498879999999","39.3475192"
"Towson University","25648","965","3456","36295.0","8000 York Rd","Towson","Maryland","city","-76.60710910000002","39.3936229"
"University of Maryland Eastern Shore","5090","226","645","27521.0","J.T. Williams Hall","Princess Anne","Maryland","town","-75.6848002","38.2102166"
"University of Maryland-Baltimore County","14756","995","1977","33677.0","1000 Hilltop Circle","Baltimore","Maryland","suburb","-76.7109835","39.2556072"
"University of Maryland-College Park","43316","3447","9600","40003.0","None","College Park","Maryland","suburb","-76.9425543","38.9869183"
"University of Maryland-University College","59200","1040","657","13288.0","3501 University Blvd East","Adelphi","Maryland","suburb","-76.9539916","38.9864985"
"University of Maine","13369","407","1827","38500.0","1","Orono","Maine","suburb","-68.6906185","44.9061345"
"University of New England","7469","35","752","46670.0","11 Hills Beach Rd","Biddeford","Maine","city","-70.384982","43.4576419"
"University of Southern Maine","12553","59","1110","36052.0","96 Falmouth St","Portland","Maine","city","-70.2777677","43.6621143"
"Andrews University","4573","762","666","32402.0","Enrollment Management","Berrien Springs","Michigan","town","-86.3551457","41.9634241"
"Central Michigan University","33352","1179","2460","32624.0","1200 South Franklin Street","Mount Pleasant","Michigan","town","-84.775677","43.59072200000001"
"Eastern Michigan University","28511","965","2346","33881.0","Eastern Michigan University","Ypsilanti","Michigan","suburb","-83.624089","42.2506803"
"Ferris State University","16908","233","1626","27378.0","1201 S State St","Big Rapids","Michigan","town","-85.4826728","43.6838576"
"Grand Valley State University","28824","397","3162","25510.0","1 Campus Dr","Allendale","Michigan","suburb","-85.8883334","42.9638087"
"Madonna University","6383","351","348","25234.0","36600 Schoolcraft Rd","Livonia","Michigan","city","-83.404726","42.3842285"
"Michigan State University","52567","5811","7731","42148.0","101 Marshall Adams Hall","East Lansing","Michigan","rural","-84.4790719","42.7323099"
"Michigan Technological University","7605","1084","1442","38252.0","1400 Townsend Drive","Houghton","Michigan","town","-88.5513295","47.1195315"
"Oakland University","23557","471","1626","34878.0","1","Rochester Hills","Michigan","suburb","-83.132122","42.675502"
"University of Detroit Mercy","6311","641","975","47792.0","4001 W McNichols Rd","Detroit","Michigan","city","-83.1367549","42.4155262"
"University of Michigan-Ann Arbor","44453","5706","17547","50352.0","603 E. Madison","Ann Arbor","Michigan","city","-83.741867","42.274416"
"University of Michigan-Dearborn","10546","403","936","22402.0","4901 Evergreen Rd","Dearborn","Michigan","city","-83.2300308","42.3189371"
"University of Michigan-Flint","8574","663","576","32119.0","303 E Kearsley St.","Flint","Michigan","city","-83.6877307","43.019911"
"Wayne State University","36749","1949","5418","32607.0","656 West Kirby Street","Detroit","Michigan","city","-83.0721008","42.35832629999999"
"Western Michigan University","28517","1384","2632","34886.0","1903 West Michigan Avenue","Kalamazoo","Michigan","city","-85.6122304","42.2851393"
"Augsburg University ","2031","58","369","50935.0","2211 Riverside Ave","Minneapolis","Minnesota","city","-93.2401161","44.9662953"
"Bethel University","5178","31","600","41300.0","3900 Bethel Dr","Saint Paul","Minnesota","suburb","-93.1624341","45.0575752"
"College of St Catherine","6124","66","861","43892.0","2004 Randolph Ave","Saint Paul","Minnesota","city","-93.185092","44.92588680000001"
"Hamline University","8902","242","630","42698.0","1536 Hewitt Avenue","Saint Paul","Minnesota","city","-93.16642720000002","44.9644191"
"Metropolitan State University","10930","191","342","14112.0","700 E Seventh St","Saint Paul","Minnesota","city","-93.0725138","44.9584153"
"Minnesota State University-Mankato","17968","756","1341","24210.0","South Rd and Ellis Ave","Mankato","Minnesota","town","-93.9999718","44.1464996"
"Saint Cloud State University","22025","1208","1461","25393.0","720 Fourth Ave. South","Saint Cloud","Minnesota","city","-94.1512367","45.5488163"
"Saint Mary's University of Minnesota","8656","239","315","37100.0","700 Terrace Heights","Winona","Minnesota","town","-91.6954102","44.0431898"
"The College of Saint Scholastica","4710","113","543","40136.0","1200 Kenwood Ave","Duluth","Minnesota","city","-92.1080999","46.8163661"
"University of Minnesota-Duluth","12722","300","1393","25290.0","515 Darland Administration Bldg","Duluth","Minnesota","city","-92.0844331","46.8170318"
"University of Minnesota-Twin Cities","64349","5582","10759","29050.0","100 Church Street SE","Minneapolis","Minnesota","city","-93.23451089999999","44.9758602"
"University of St Thomas - Saint Paul, Minnesota","12164","360","1281","46700.0","2115 Summit Ave","Saint Paul","Minnesota","city","-93.18971390000002","44.9441221"
"Winona State University","9691","318","1002","25460.0","8th and Johnson St","Winona","Minnesota","town","-91.6462614","44.0493081"
"Lindenwood University","17309","1151","732","30560.0","209 S Kingshighway","Saint Charles","Missouri","city","-90.497036","38.785579"
"Maryville University of Saint Louis","4444","67","342","38916.0","650 Maryville University Drive","Saint Louis","Missouri","suburb","-90.5054432","38.6468582"
"Missouri Baptist University","5914","61","225","34190.0","One College Park Dr","Saint Louis","Missouri","suburb","-90.46325680000001","38.6415281"
"Missouri State University","23399","1328","2103","23640.0","901 S National","Springfield","Missouri","city","-93.27858119999999","37.1985841"
"Rockhurst University","3425","15","375","41513.0","1100 Rockhurst Rd","Kansas City","Missouri","city","-94.5709368","39.0306761"
"Southwest Baptist University","4499","40","384","27750.0","1600 University Ave","Bolivar","Missouri","town","-93.41143339999999","37.6015836"
"University of Missouri-Columbia","35788","1932","9390","34669.0","105 Jesse Hall","Columbia","Missouri","city","-92.328801","38.945325"
"University of Missouri-Kansas City","20512","1267","3870","39014.0","5100 Rockhill Rd","Kansas City","Missouri","city","-94.5762776","39.03366949999999"
"University of Missouri-St Louis","21177","706","1599","39956.0","One University Boulevard","Saint Louis","Missouri","suburb","-90.30828","38.7092401"
"Washington University in St Louis","15185","2022","9054","58901.0","One Brookings Drive","Saint Louis","Missouri","suburb","-90.31079620000001","38.6487895"
"Webster University","26006","205","576","40413.0","470 E Lockwood Ave.","Saint Louis","Missouri","suburb","-90.34555519999999","38.5905285"
"Delta State University","5270","83","549","25027.0","Hwy 8 West","Cleveland","Mississippi","town","-90.72484639999999","33.7477916"
"Jackson State University","9565","0","1134","26736.0","1440 J R Lynch St","Jackson","Mississippi","city","-90.2110957","32.297684"
"Mississippi College","5789","286","582","24853.0","200 South Capitol Street","Clinton","Mississippi","suburb","-90.33187749999999","32.3360631"
"University of Mississippi","19911","883","2337","37848.0","Oxford- Mississippi","University","Mississippi","town","-89.5253597","34.3659395"
"William Carey University","5704","138","393","23922.0","19640 Highway 67","Biloxi","Mississippi","city","-89.05058299999999","30.5731296"
"Montana State University","15427","557","2138","31272.0","Montana State University","Bozeman","Montana","town","-111.04981","45.6667557"
"University of Montana","13044","716","949","33495.0","105 International Center","Missoula","Montana","city","-113.9852081","46.8600672"
"Campbell University Inc","7384","246","645","39960.0","450 Leslie Campbell Ave","Buies Creek","North Carolina","rural","-78.7387515","35.406744"
"Duke University","16638","2647","10536","57325.0","103 Allen Bldg","Durham","North Carolina","city","-78.9375022","36.0011043"
"East Carolina University","31334","460","4842","31407.0","East 5th Street","Greenville","North Carolina","city","-77.3559964","35.6066409"
"Elon University","6010","72","1092","40471.0","100 Campus Drive","Elon","North Carolina","suburb","-79.5045112","36.1048942"
"Fayetteville State University","7206","29","840","23088.0","1200 Murchison Rd","Fayetteville","North Carolina","city","-78.8973915","35.0756408"
"Gardner-Webb University","5552","14","459","33130.0","Main St","Boiling Springs","North Carolina","rural","-81.6655755","35.2421079"
"North Carolina A & T State University","12611","288","1524","24355.0","1601 E Market  St","Greensboro","North Carolina","city","-79.7720482","36.0772801"
"North Carolina Central University","9967","73","1275","27526.0","1801 Fayetteville Street","Durham","North Carolina","city","-78.9001035","35.9725818"
"North Carolina State University at Raleigh","40165","3479","5208","32223.0","2101 Hillsborough Street","Raleigh","North Carolina","city","-78.6631364","35.78639709999999"
"University of North Carolina at Chapel Hill","32426","1720","9429","41140.0","103 South Bldg Cb 9100","Chapel Hill","North Carolina","city","-79.050072","35.9132961"
"University of North Carolina at Charlotte","29290","1600","2913","30025.0","9201 University City Blvd","Charlotte","North Carolina","city","-80.73088299999999","35.3068173"
"University of North Carolina at Greensboro","22740","642","2418","30429.0","1000 Spring Garden St","Greensboro","North Carolina","city","-79.80586799999999","36.066142"
"University of North Carolina-Wilmington","14964","129","1872","29153.0","601 South College Road","Wilmington","North Carolina","city","-77.87928","34.22714"
"Wake Forest University","7657","372","4854","56236.0","1834 Wake Forest Road","Winston Salem","North Carolina","city","-80.27086229999999","36.1348359"
"Western Carolina University","11379","513","1317","26344.0","1","Cullowhee","North Carolina","town","-83.18437809999999","35.3089224"
"Wingate University","2599","77","387","33700.0","220 North Camden Road","Wingate","North Carolina","town","-80.4465673","34.9858584"
"Winston-Salem State University","7465","159","1062","25046.0","601 Martin Luther King Jr Dr","Winston-Salem","North Carolina","city","-80.22481570000001","36.0868936"
"North Dakota State University","14516","0","618","30536.0","North Dakota State University","Fargo","North Dakota","city","-96.8031712","46.8962434"
"University of Mary","3934","2","303","22104.0","7500 University Dr","Bismarck","North Dakota","rural","-100.7531659","46.721353"
"University of North Dakota","16882","1331","2172","30567.0","University Station","Grand Forks","North Dakota","city","-97.06995189999999","47.9320091"
"Bellevue University","15251","326","263","8040.0","1000 Galvin Rd S","Bellevue","Nebraska","suburb","-95.9180528","41.1507402"
"Creighton University","8826","188","2169","45132.0","2500 California Plaza","Omaha","Nebraska","city","-95.9475985","41.2651072"
"University of Nebraska at Omaha","17617","765","1416","28380.0","6001 Dodge St","Omaha","Nebraska","city","-96.01071209999999","41.2581216"
"University of Nebraska-Lincoln","27443","1934","4797","32486.0","14th and R St","Lincoln","Nebraska","city","-96.701134","40.8169285"
"Dartmouth College","6580","872","2439","58638.0","None","Hanover","New Hampshire","town","-72.2886935","43.7044406"
"Franklin Pierce University","2866","85","303","43270.0","40 University Drive","Rindge","New Hampshire","rural","-72.0554831","42.7789401"
"New England College","2532","133","192","44854.0","98 Bridge St","Henniker","New Hampshire","rural","-71.82279559999999","43.1798819"
"Rivier University","3027","2","219","38883.0","420 South Main St","Nashua","New Hampshire","city","-71.457278","42.7386986"
"Southern New Hampshire University","3027","2","219","44533.0","2500 North River Rd","Manchester","New Hampshire","city","-71.45219940000001","43.04130869999999"
"University of New Hampshire-Main Campus","16798","409","2133","41820.0","105 Main St.- Thompson Hall","Durham","New Hampshire","suburb","-70.9324341","43.1359259"
"Caldwell University","2692","107","241","41190.0","120 Bloomfield Avenue","Caldwell","New Jersey","suburb","-74.272567","40.8343983"
"College of Saint Elizabeth","2279","81","216","42893.0","2 Convent Rd","Morristown","New Jersey","suburb","-74.4375773","40.7811869"
"Montclair State University","21834","848","1707","33156.0","1 Normal Avenue - 855 Valley Road","Montclair","New Jersey","suburb","-74.19855969999999","40.8644792"
"Princeton University","8004","1662","3796","53934.0","None","Princeton","New Jersey","suburb","-74.6514481","40.3439888"
"Rowan University","13176","183","1167","33651.0","201 Mullica Hill Road","Glassboro","New Jersey","suburb","-75.11777740000001","39.7086852"
"Rutgers University-Camden","7276","72","849","39740.0","406 Penn","Camden","New Jersey","city","-75.1213581","39.9478964"
"Rutgers University-New Brunswick","43885","2642","7461","40915.0","83 Somerset St","New Brunswick","New Jersey","city","-74.4467796","40.4981979"
"Rutgers University-Newark","14275","786","1650","41206.0","249 University Avenue- Blumenthal Hall","Newark","New Jersey","city","-74.17562459999999","40.7390478"
"Seton Hall University","11114","418","1368","49544.0","400 S Orange Ave","South Orange","New Jersey","suburb","-74.2460794","40.7425259"
"Stockton University ","9102","35","846","36331.0","Jim Leeds Rd","Pomona","New Jersey","rural","-74.5538949","39.478522"
"New Mexico State University-Main Campus","21692","1231","2448","31335.0","2850 Weddell Street","Las Cruces","New Mexico","suburb","-106.7530651","32.2825066"
"University of New Mexico-Main Campus","33304","1154","5367","32517.0","1","Albuquerque","New Mexico","city","-106.645018","35.0998516"
"University of Nevada-Las Vegas","36235","1850","2340","36459.0","4505 S Maryland Pky","Las Vegas","Nevada","city","-115.1384115","36.1058529"
"University of Nevada-Reno","21029","809","2445","35308.0","1664 N. Virginia Street","Reno","Nevada","city","-119.819372","39.545898"
"Adelphi University","10175","377","948","43860.0","South Ave","Garden City","New York","suburb","-73.6544273","40.7227835"
"Alfred University","2543","84","477","41082.0","One Saxon Drive","Alfred","New York","town","-77.786103","42.2558218"
"Bard College","3065","251","585","58292.0","30 Campus Rd","Annandale-On-Hudson","New York","town","-73.916647","42.0208225"
"Clarkson University","3456","364","685","51966.0","None","Potsdam","New York","town","-74.998544","44.66376109999999"
"Columbia University in the City of New York","27257","6371","10851","59208.0","116 St and Broadway","New York","New York","city","-73.96400840000001","40.8080586"
"Cornell University","21437","3826","7149","57125.0","Campus Information and Visitor Relations","Ithaca","New York","city","-76.480988","42.44726"
"CUNY Graduate School and University Center","7728","1044","585","12449.0","365 Fifth Ave","New York","New York","city","-73.9838783","40.7485794"
"D'Youville College","3735","722","522","35660.0","320 Porter Ave","Buffalo","New York","city","-78.890939","42.9025892"
"Dominican College of Blauvelt","2207","28","225","37420.0","470 Western Highway","Orangeburg","New York","suburb","-73.952747","41.0513059"
"Dowling College","6256","266","345","39600.0","150 Idle Hour Blvd","Oakdale","New York","suburb","-73.1481218","40.7422255"
"Fordham University","17437","1061","2024","58732.0","441 E Fordham Rd","Bronx","New York","city","-73.8892181","40.861203"
"Hofstra University","13128","563","1599","50146.0","100 Hofstra University","Hempstead","New York","suburb","-73.5994041","40.716792"
"Ithaca College","7420","178","1455","51152.0","953 Danby Rd","Ithaca","New York","suburb","-76.4969643","42.4199351"
"LIU Post (C.W. Post Campus of Long Island University)","12946","731","924","46840.0","720 Northern Blvd","Brookville","New York","suburb","-73.5900738","40.8172349"
"Long Island University-Brooklyn Campus","9771","572","918","46426.0","1 University Plaza","Brooklyn","New York","city","-73.9808893","40.6905175"
"Mercy College-Main Campus","13740","121","597","32984.0","555 Broadway","Dobbs Ferry","New York","suburb","-73.87331809999999","41.0219033"
"Molloy College","7052","16","522","41520.0","1000 Hempstead Ave","Rockville Centre","New York","suburb","-73.6249835","40.68614609999999"
"Nazareth College","3717","60","528","40766.0","4245 East Ave","Rochester","New York","suburb","-77.5169235","43.101447"
"New York Institute of Technology","11729","1829","819","44280.0","16 W. 61st Street","New York","New York","suburb","-73.982923","40.769824"
"New York University","50444","6873","14379","46768.0","70 Washington Sq South","New York","New York","city","-73.9972145","40.7294229"
"Pace University-New York","15402","799","1221","49802.0","1 Pace Plaza","New York","New York","city","-74.0047403","40.7109684"
"Polytechnic Institute of New York University","4853","1791","501","51362.0","Six Metrotech Ctr","Brooklyn","New York","city","-73.98657899999999","40.6942036"
"Rensselaer Polytechnic Institute","6744","754","1440","57179.0","110 8th St","Troy","New York","city","-73.6772829","42.7292744"
"Russell Sage College","3558","19","417","41700.0","45 Ferry St","Troy","New York","city","-73.69137529999999","42.7278801"
"Saint John Fisher College","4328","19","651","38570.0","3690 East Ave","Rochester","New York","suburb","-77.511753","43.1159106"
"St. John's University-New York","23737","1579","1887","53037.0","8000 Utopia Pky","Queens","New York","city","-73.7946869","40.721591"
"Stony Brook University","29576","3490","4671","29786.0","2401 Computer Science Building","Stony Brook","New York","suburb","-73.1236589","40.9126957"
"SUNY at Albany","20035","1907","1773","28872.0","1400 Washington Avenue","Albany","New York","city","-73.8203027","42.6895995"
"SUNY at Binghamton","16203","2345","1713","29136.0","4400 Vestal Parkway East","Binghamton","New York","suburb","-75.9693284","42.0867914"
"Syracuse University","31780","2825","3093","53790.0","1","Syracuse","New York","city","-76.1530665","43.07102"
"Teachers College at Columbia University","6535","685","681","53790.0","525 W 120th St","New York","New York","city","-73.96062289999999","40.8101745"
"The New School","12745","3187","1247","57609.0","72 Fifth Ave., 3rd Floor","New York","New York","city","-73.9943661","40.7355761"
"Touro College","19687","76","1571","27100.0","27-33 W 23rd St","New York","New York","city","-73.9905775","40.74240349999999"
"University at Buffalo","32412","5921","4611","30601.0","3435 Main Street","Buffalo","New York","suburb","-78.8182506","42.9533594"
"University of Rochester","6304","1127","840","30601.0","Wallis Hall","Rochester","New York","city","-77.6311747","43.1263958"
"Utica College","4385","52","435","45236.0","1600 Burrstone Rd","Utica","New York","city","-75.2711726","43.0953591"
"Yeshiva University","7084","390","3905","50330.0","500 W 185th St","New York","New York","city","-73.92975950000002","40.85101299999999"
"Ashland University","8919","241","756","41429.0","401 College Ave","Ashland","Ohio","town","-82.32301559999999","40.8618277"
"Bowling Green State University-Main Campus","20442","803","2517","28210.0","1001 East Wooster Street","Bowling Green","Ohio","town","-83.6407816","41.3773205"
"Capital University","4223","54","564","43120.0","1 College and Main","Columbus","Ohio","suburb","-82.938559","39.9549246"
"Case Western Reserve University","10586","1609","3912","54133.0","10900 Euclid Ave","Cleveland","Ohio","city","-81.60992929999999","41.50461749999999"
"Cleveland State University","21717","1363","1572","28966.0","2121 Euclid Avenue","Cleveland","Ohio","city","-81.6752568","41.5022777"
"College of Mount St. Joseph","2947","0","369","33832.0","5701 Delhi Rd","Cincinnati","Ohio","suburb","-84.6384041","39.0949555"
"Kent State University Kent Campus","32075","1680","2632","32080.0","PO BOX 5190","Kent","Ohio","suburb","-81.34788329999999","41.1470566"
"Miami University - Ohio","17727","0","1061","45905.0","Office of Admission","Oxford","Ohio","town","-84.73887239999999","39.5065051"
"Ohio Northern University","3686","111","675","47944.0","525 S. Main St","Ada","Ohio","town","-83.8238966","40.7655097"
"Ohio State University-Main Campus","64425","5713","10149","41766.0","190 N. Oval Mall","Columbus","Ohio","city","-83.01340859999999","40.0005841"
"Ohio University-Main Campus","31129","1833","2799","32307.0","1","Athens","Ohio","town","-82.1270033","39.2907259"
"The University of Findlay","6746","455","633","39278.0","1000 N Main St","Findlay","Ohio","town","-83.6514236","41.0537471"
"University of Akron Main Campus","32183","1264","2343","30474.0","302 Buchtel Common","Akron","Ohio","city","-81.5115774","41.0771513"
"University of Cincinnati-Main Campus","38041","2312","5940","41351.0","2624 Clifton Avenue","Cincinnati","Ohio","city","-84.5184317","39.1343961"
"University of Toledo","25597","1469","3429","31661.0","2801 W Bancroft","Toledo","Ohio","city","-83.6126008","41.6624584"
"Ursuline College","1800","9","207","35880.0","2550 Lander Rd","Pepper Pike","Ohio","suburb","-81.4656522","41.4965154"
"Walsh University","3500","43","365","35453.0","2020 East Maple St","North Canton","Ohio","suburb","-81.36965599999999","40.873658"
"Wright State University-Main Campus","22378","845","2508","32171.0","3640 Colonel Glenn Highway","Dayton","Ohio","suburb","-84.05921269999999","39.778275"
"Xavier University","8695","230","1029","43880.0","3800 Victory Parkway","Cincinnati","Ohio","city","-84.4795628","39.148913"
"Youngstown State University","18058","193","1323","20134.0","One University Plaza","Youngstown","Ohio","city","-80.6477","41.10626"
"Langston University","3510","20","392","21647.0","102 Page Hall","Langston","Oklahoma","rural","-97.262907","35.9459622"
"Northeastern State University","8276","0","511","19277.0","600 N Grand","Tahlequah","Oklahoma","town","-94.9661094","35.920645"
"Oklahoma City University","4454","1140","648","42290.0","2501 N Blackwelder","Oklahoma City","Oklahoma","city","-97.540194","35.493809"
"Oklahoma State University-Main Campus","26807","2066","3909","32135.0","107 Whitehurst","Stillwater","Oklahoma","town","-97.070567","36.1219844"
"University of Oklahoma Norman Campus","30642","1880","4311","33446.0","660 Parrington Oval","Norman","Oklahoma","suburb","-97.4456811","35.2085041"
"University of Tulsa","4596","838","945","46789.0","800 South Tucker Drive","Tulsa","Oklahoma","city","-95.9467696","36.1490106"
"Corban College","1326","10","144","37486.0","5000 Deer Park Dr SE","Salem","Oregon","rural","-122.9609521","44.8829475"
"George Fox University","4237","178","534","41480.0","414 N Meridian St","Newberg","Oregon","town","-122.9704656","45.3027851"
"Lewis & Clark College","4361","265","679","51458.0","0615 S W Palatine Hill Rd","Portland","Oregon","city","-122.6701491","45.45017550000001"
"Pacific University","3904","149","663","45410.0","2043 College Way","Forest Grove","Oregon","suburb","-123.1094571","45.5209573"
"Portland State University","41896","2309","2547","37704.0","724 SW Harrison","Portland","Oregon","city","-122.6845654","45.5111227"
"University of Oregon","27078","2266","3870","40916.0","240 Oregon Hall","Eugene","Oregon","city","-123.0704296","44.0459883"
"University of Portland","4532","255","633","50830.0","5000 N Willamette Blvd","Portland","Oregon","city","-122.7236596","45.57371699999999"
"Willamette University","3099","313","718","50402.0","900 State St","Salem","Oregon","city","-123.0317802","44.9354439"
"Arcadia University","4983","128","440","48290.0","450 S Easton Rd","Glenside","Pennsylvania","suburb","-75.16388649999999","40.092564"
"Bloomsburg University of Pennsylvania","11644","156","1191","30888.0","400 E Second St","Bloomsburg","Pennsylvania","town","-76.4488075","41.0064456"
"Bryn Mawr College","1859","174","510","55714.0","101 N Merion Avenue","Bryn Mawr","Pennsylvania","suburb","-75.31444619999999","40.0266437"
"Carlow University","3483","9","288","35780.0","3333 Fifth Ave","Pittsburgh","Pennsylvania","city","-79.9631161","40.4389338"
"Carnegie Mellon University","12175","3747","3841","57520.0","5000 Forbes Ave","Pittsburgh","Pennsylvania","city","-79.9433725","40.44416469999999"
"Chestnut Hill College","2691","74","204","41640.0","9601 Germantown Ave","Philadelphia","Pennsylvania","city","-75.2286092","40.0866725"
"Drexel University","28374","2276","4134","54040.0","3141 Chestnut St","Philadelphia","Pennsylvania","city","-75.1868606","39.9540928"
"Duquesne University","11746","495","1467","41027.0","Administration Bldg 600 Forbes Ave","Pittsburgh","Pennsylvania","city","-79.9901728","40.4372949"
"Eastern University","5319","176","435","39180.0","1300 Eagle Rd","Saint Davids","Pennsylvania","suburb","-75.3702259","40.0504374"
"Immaculata University","5941","31","276","46030.0","1145 King Rd","Immaculata","Pennsylvania","suburb","-75.5705399","40.0279142"
"Indiana University of Pennsylvania-Main Campus","17018","768","1887","32875.0","1011 South Dr 201 Sutton Hall","Indiana","Pennsylvania","town","-79.16146690000001","40.6140124"
"La Salle University","7972","87","702","47710.0","1900 W Olney Ave","Philadelphia","Pennsylvania","city","-75.153854","40.0390582"
"Lebanon Valley College","2338","2","306","45200.0","101 N College Ave","Annville","Pennsylvania","suburb","-76.514673","40.3312446"
"Lehigh University","7533","873","1742","54020.0","27 Memorial Dr W","Bethlehem","Pennsylvania","city","-75.38016929999999","40.6068348"
"Marywood University","4048","96","459","42995.0","2300 Adams Ave","Scranton","Pennsylvania","city","-75.6372363","41.4334254"
"Pennsylvania State University-Main Campus","49025","4856","9588","43084.0","201 Old Main","University Park","Pennsylvania","city","-77.8627439","40.796466"
"Pennsylvania State University-Penn State Harrisburg","5109","139","624","35418.0","777 W Harrisburg Pike","Middletown","Pennsylvania","suburb","-76.73961779999999","40.1972904"
"Robert Morris University","5823","194","582","37768.0","6001 University Boulevard","Moon Township","Pennsylvania","suburb","-80.2124051","40.5190748"
"Saint Francis University","2725","26","342","41478.0","117 Evergreen Dr","Loretto","Pennsylvania","town","-78.63900269999999","40.5066666"
"Saint Joseph's University","10788","357","897","52846.0","5600 City Avenue","Philadelphia","Pennsylvania","city","-75.2394431","39.993829"
"Slippery Rock University ","10309","90","1071","24698.0","1 Morrow Way","Slippery Rock","Pennsylvania","town","-80.04118419999999","41.0630697"
"Temple University","42688","2224","5805","39832.0","1801 North Broad Street","Philadelphia","Pennsylvania","city","-75.1579633","39.9810354"
"University of Pennsylvania","28453","4009","12970","57360.0","1 College Hall 34th and Spruce Sts","Philadelphia","Pennsylvania","city","-75.1937556","39.9515103"
"University of Pittsburgh-Pittsburgh Campus","33082","2599","13965","39140.0","4200 Fifth Avenue","Pittsburgh","Pennsylvania","city","-79.9534133","40.44439000000001"
"University of Scranton","6858","155","828","51274.0","800 Linden Street","Scranton","Pennsylvania","city","-75.656958","41.4056064"
"Villanova University","12136","477","1977","54520.0","800 Lancaster Avenue","Villanova","Pennsylvania","suburb","-75.3444079","40.0369846"
"Waynesburg University","2972","2","231","29000.0","51 W College St","Waynesburg","Pennsylvania","town","-80.18769139999999","39.8994825"
"Widener University - Pathway Program","5532","137","708","50151.0","One University Place","Chester","Pennsylvania","suburb","-75.35667529999999","39.8633562"
"Wilkes University","9314","105","471","43908.0","84 West South Street","Wilkes-Barre","Pennsylvania","city","-75.8902177","41.2441949"
"York College Pennsylvania","6233","30","567","27800.0","Country Club Rd","York","Pennsylvania","suburb","-76.7291407","39.9454323"
"Brown University","9276","1343","2923","56150.0","Prospect St","Providence","Rhode Island","city","-71.4055101","41.8304009"
"Rhode Island College","10939","28","1044","29250.0","600 Mount Pleasant Ave","Providence","Rhode Island","suburb","-71.4633741","41.8424685"
"Salve Regina University","2860","6","348","47100.0","100 Ochre Point Avenue","Newport","Rhode Island","suburb","-71.2992732","41.47238480000001"
"University of Rhode Island","19185","279","2195","41399.0","37 Lower College Road","Kingston","Rhode Island","suburb","-71.52897","41.48325"
"Clemson University","22338","1298","3156","42784.0","201 Sikes Hall","Clemson","South Carolina","town","-82.8351438","34.6793819"
"Presbyterian College","1321","37","294","43652.0","503 S Broad St","Clinton","South Carolina","town","-81.87990599999999","34.4669671"
"South Carolina State University","5068","10","648","34338.0","300 College St NE","Orangeburg","South Carolina","town","-80.848129","33.502162"
"University of South Carolina-Columbia","33503","1445","4575","39248.0","1","Columbia","South Carolina","city","-81.03523","34.006973"
"South Dakota State University","15051","537","1758","19502.0","Administration Lane","Brookings","South Dakota","town","-96.78214829999999","44.318633"
"University of South Dakota","12973","132","1269","20567.0","414 E Clark St","Vermillion","South Dakota","town","-96.9249387","42.7872223"
"Belmont University","6543","69","969","39930.0","1900 Belmont Blvd","Nashville","Tennessee","city","-86.79385669999999","36.1325006"
"East Tennessee State University","17091","347","2394","36315.0","1276 Gilbreath Drive","Johnson City","Tennessee","city","-82.3667992","36.3041913"
"Middle Tennessee State University","31269","723","2775","40770.0","1301 East Main Street","Murfreesboro","Tennessee","city","-86.3705889","35.8436241"
"Sewanee:  The University of the South","1761","46","393","43418.0","735 University Avenue","Sewanee","Tennessee","rural","-85.9208317","35.2025381"
"Tennessee State University","10416","104","1241","29126.0","3500 John Merritt Blvd","Nashville","Tennessee","city","-86.8260896","36.1682498"
"Tennessee Technological University","12981","474","1161","34058.0","1 William L. Jones Drive","Cookeville","Tennessee","town","-85.5070223","36.175903"
"The University of Tennessee","32981","1421","6828","40713.0","Circle Park","Knoxville","Tennessee","city","-83.9266023","35.9525344"
"The University of Tennessee at Chattanooga","12015","147","1356","33044.0","615 McCallie Ave","Chattanooga","Tennessee","city","-85.29827159999999","35.04789"
"Trevecca Nazarene University","3106","19","255","33186.0","333 Murfreesboro Rd","Nashville","Tennessee","city","-86.7535011","36.1450579"
"Union University","5195","48","711","40000.0","1050 Union University Dr","Jackson","Tennessee","city","-88.864009","35.676716"
"University of Memphis","26312","676","2784","36528.0","1","Memphis","Tennessee","city","-90.0436356","35.1482278"
"Vanderbilt University","13500","1177","10671","58554.0","2101 West End Avenue","Nashville","Tennessee","city","-86.8028774","36.1494589"
"Abilene Christian University","5120","244","738","38250.0","1600 Campus Court","Abilene","Texas","city","-99.71117489999999","32.4695289"
"Angelo State University","7996","93","816","26856.0","2601 W Avenue N","San Angelo","Texas","city","-100.4659589","31.4419346"
"Baylor University","16083","564","2688","45011.0","500 Speight Ave.","Waco","Texas","city","-97.1182662","31.5447753"
"Dallas Baptist University","6931","780","354","30823.0","3000 Mountain Creek Parkway","Dallas","Texas","city","-96.946411","32.7106801"
"Hardin-Simmons University","2643","43","411","32638.0","2200 Hickory","Abilene","Texas","city","-99.73254999999999","32.475068"
"Lamar University","18537","664","1180","31057.0","4400 MLK","Beaumont","Texas","city","-94.1115924","30.0995178"
"Our Lady of the Lake University-San Antonio","2963","37","342","34583.0","411 SW 24th St","San Antonio","Texas","city","-98.542512","29.4256219"
"Prairie View A & M University","9946","215","1047","23981.0","5th Street Ave. A- L.W. Minor Street.","Prairie View","Texas","town","-95.98989639999999","30.0939175"
"Rice University","6503","1185","2486","58286.0","6100 S Main","Houston","Texas","city","-95.3964068","29.7205057"
"Sam Houston State University","19710","326","1803","25206.0","1806 Ave J","Huntsville","Texas","town","-95.5490274","30.7155156"
"Southern Methodist University","12513","1247","2155","55955.0","6425 Boaz St","Dallas","Texas","suburb","-96.7859684","32.8450074"
"St Marys University","4475","209","594","36356.0","One Camino Santa Maria","San Antonio","Texas","city","-98.5640981","29.4523378"
"Stephen F Austin State University","14939","175","1518","30556.0","1936 North St","Nacogdoches","Texas","rural","-94.6524932","31.6204701"
"Tarleton State University","13690","99","1125","25095.0","1333 W. Washington","Stephenville","Texas","town","-98.2147778","32.21501"
"Texas A & M International University","8287","319","576","14671.0","5201 University Blvd","Laredo","Texas","rural","-99.4350626","27.5735219"
"Texas A & M University","51417","4560","7086","36113.0","1","College Station","Texas","city","-96.31755969999999","30.6135359"
"Texas A & M University-Commerce","13264","41","861","28155.0","2600 South Neal","Commerce","Texas","town","-95.9090659","33.2353555"
"Texas A & M University-Corpus Christi","11785","567","951","28737.0","6300 Ocean Dr.","Corpus Christi","Texas","city","-97.32414310000001","27.712744"
"Texas A & M University-Kingsville","11927","653","1170","28910.0","955 University Blvd","Kingsville","Texas","town","-97.8847869","27.5269129"
"Texas Christian University","9771","523","1672","46110.0","2800 S University Dr","Fort Worth","Texas","city","-97.35933659999999","32.709151"
"Texas Southern University","11063","358","1200","31567.0","3100 Cleburne St","Houston","Texas","city","-95.3597786","29.7223299"
"Texas State University-San Marcos","36743","298","3336","27422.0","601 University Dr","San Marcos","Texas","town","-97.9430682","29.8888838"
"Texas Tech University","35105","2434","3801","28265.0","Broadway and University Avenue","Lubbock","Texas","city","-101.8705678","33.5845437"
"Texas Wesleyan University","3768","50","534","31070.0","1201 Wesleyan St","Fort Worth","Texas","city","-97.2802071","32.7323764"
"Texas Woman's University","17458","371","1203","23261.0","304 Administration Dr","Denton","Texas","city","-97.12786299999999","33.2262575"
"The University of Texas at Arlington","45533","3818","2553","28946.0","701 S. Nedderman Dr.","Arlington","Texas","city","-97.11519709999999","32.7292117"
"The University of Texas at Austin","50440","5187","3090","26523.0","1 University Station","Austin","Texas","city","-97.7288552","30.2850357"
"The University of Texas at Brownsville","18970","844","1224","24724.0","80 Fort Brown","Brownsville","Texas","city","-97.49215","25.8986065"
"The University of Texas at Dallas","20000","3062","1911","37060.0","800 West Campbell  Road","Richardson","Texas","city","-96.75023639999999","32.9857218"
"The University of Texas at El Paso","26232","2092","2079","30043.0","500 W. University Ave","El Paso","Texas","city","-106.5058402","31.7678473"
"The University of Texas at San Antonio","28787","1600","1383","37050.0","One UTSA Circle","San Antonio","Texas","city","-98.6196556","29.5830446"
"The University of Texas at Tyler","7816","171","828","28978.0","3900 University Blvd","Tyler","Texas","city","-95.25423119999999","32.3157449"
"The University of Texas-Pan American","23023","605","1893","23297.0","1201 W University Dr","Edinburg","Texas","city","-98.17468910000001","26.3045367"
"University of Houston","45001","3914","3794","28417.0","212 E. Cullen Building","Houston","Texas","city","-95.34352799999999","29.7203176"
"University of Houston-Clear Lake","10338","1087","750","28417.0","2700 Bay Area Blvd","Houston","Texas","rural","-95.0986427","29.5812422"
"University of Mary Hardin-Baylor","3302","129","423","33500.0","900 College St","Belton","Texas","suburb","-97.4665354","31.0708561"
"University of North Texas","44140","2381","3244","26339.0","Chestnut Ave.","Denton","Texas","city","-97.1429847","33.2112583"
"West Texas A & M University","9232","261","747","25014.0","2501 4th Ave","Canyon","Texas","town","-101.9158257","34.9798286"
"Brigham Young University","40203","1950","3792","16588.0","Main Campus","Provo","Utah","city","-111.6493156","40.2518435"
"University of Utah","37046","2298","9177","36608.0","201 Presidents Circle","Salt Lake City","Utah","city","-111.8427006","40.7589672"
"Utah State University","33517","1132","2601","27060.0","Old Main Hill","Logan","Utah","city","-111.8090498","41.7417384"
"College of William and Mary","9117","429","1962","47804.0","P.O. Box 8795","Williamsburg","Virginia","suburb","-76.71337799999999","37.271674"
"Hampton University","6206","29","1110","31068.0","100 E Queen St.","Hampton","Virginia","city","-76.3366127","37.021698"
"Liberty University","77778","2839","4203","30634.0","1971 University Blvd","Lynchburg","Virginia","city","-79.17692819999999","37.3529323"
"Lynchburg College","3185","24","531","41085.0","1501 Lakeside Dr","Lynchburg","Virginia","city","-79.183153","37.4006002"
"Marymount University","4146","383","447","37352.0","2807 N Glebe Rd","Arlington","Virginia","city","-77.1281889","38.9055359"
"Norfolk State University","8015","60","786","33321.0","700 Park Ave","Norfolk","Virginia","city","-76.2621193","36.8479841"
"Old Dominion University","29176","1010","2295","30799.0","5115 Hampton Blvd","Norfolk","Virginia","city","-76.3035271","36.888932"
"Radford University","9868","91","1218","31067.0","East Main Street","Radford","Virginia","town","-80.5446333","37.1371166"
"Shenandoah University","5917","255","687","40990.0","1460 University Dr","Winchester","Virginia","city","-78.1583626","39.16601319999999"
"University of Richmond","5500","338","1188","54460.0","28 Westhampton Way","Richmond","Virginia","city","-77.5428644","37.5739212"
"University of Virginia-Main Campus","30731","2196","6399","48980.0","1","Charlottesville","Virginia","city","-78.48469419999999","38.0251451"
"Virginia Commonwealth University","36401","1831","6406","38067.0","910 W Franklin St","Richmond","Virginia","city","-77.4526597","37.5496312"
"Virginia Polytechnic Institute and State University","33248","2563","6657","37840.0","965 Prices Fork Road","Blacksburg","Virginia","city","-80.4342387","37.2308784"
"Virginia State University","6571","23","840","27843.0","One Hayden Drive","Petersburg","Virginia","suburb","-77.4198758","37.2364644"
"Virginia Union University","2247","14","273","26055.0","1500 N Lombardy St","Richmond","Virginia","city","-77.4518215","37.5599032"
"Washington and Lee University","2183","92","801","54843.0","204 West Washington Street","Lexington","Virginia","town","-79.4440952","37.7915362"
"West Virginia University","33293","1645","5526","29044.0","Stewart Hall- University Avenue","Morgantown","West Virginia","city","-79.95442299999999","39.6343202"
"Middlebury College","4560","502","804","57050.0","Old Chapel","Middlebury","Vermont","rural","-73.1762729","44.0090869"
"University of Vermont","9970","0","1515","51788.0","194 S Prospect St","Burlington","Vermont","city","-73.2001416","44.4749527"
"Eastern Washington University","15049","317","1224","29540.0","526 5th Street","Cheney","Washington","town","-117.5779793","47.4908212"
"Gonzaga University","8756","194","1197","44849.0","E 502 Boone Ave","Spokane","Washington","city","-117.4030333","47.6683445"
"Seattle Pacific University","4656","84","624","43195.0","3307 3rd Ave W","Seattle","Washington","city","-122.3617421","47.649116"
"Seattle University","8919","668","1392","47853.0","900 Broadway","Seattle","Washington","city","-122.3207835","47.6102654"
"University of Puget Sound","2992","20","720","52040.0","1500 N Warner","Tacoma","Washington","city","-122.4814332","47.2630967"
"University of Washington-Seattle Campus","49554","4158","10653","41543.0","1400 NE Campus Parkway","Seattle","Washington","city","-122.3127075","47.6565538"
"Cardinal Stritch University","10980","121","315","37492.0","6801 N Yates Rd","Milwaukee","Wisconsin","suburb","-87.9071529","43.140054"
"Carroll University","3975","50","363","37050.0","100 N East Ave","Waukesha","Wisconsin","city","-88.2280201","43.0044881"
"Edgewood College","3949","83","411","34816.0","1000 Edgewood College Drive","Madison","Wisconsin","city","-89.4212376","43.0580408"
"Marquette University","12529","542","2034","44922.0","615 N 11th St","Milwaukee","Wisconsin","city","-87.92646599999999","43.037975"
"University of Wisconsin-La Crosse","11876","463","1284","25397.0","1725 State St","La Crosse","Wisconsin","city","-91.2300094","43.8136889"
"University of Wisconsin-Madison","46756","4955","9426","38199.0","702 W. Johnson Street","Madison","Wisconsin","city","-89.39805299999999","43.0722408"
"University of Wisconsin-Milwaukee","36123","1151","3318","31514.0","2200 E Kenwood Blvd","Milwaukee","Wisconsin","city","-87.881425","43.0752308"
"University of Wisconsin-Stevens Point","10878","225","1146","23612.0","Main St","Stevens Point","Wisconsin","town","-89.5558604","44.5233134"
"West Virginia University","33293","1645","5526","29044.0","Stewart Hall- University Avenue","Morgantown","West Virginia","city","-79.95442299999999","39.6343202"
"University of Wyoming","14902","847","3285","25904.0","Corner of Ninth and Ivinson","Laramie","Wyoming","town","-105.5856487","41.3114879"
